Gene,Protein,N_res,QFX_imfdRMSD,AF3_imfdRMSD,QFX_RMSD,QFX_TM,QFX_lDDT,QICESS_Score,N_Qubits,Time_s,Delta_imfdRMSD,QFX_Better
STAT3,STAT3,558.0,8.413910123582065,4.5,4.12569735097386,0.8359011364274235,94.36447780773996,0.1599302148381052,0.0,6.429291248321533,-3.913910123582065,False
