{
  "n_proteins": 14,
  "methods": [
    "QICESS-VQE",
    "QICESS-Exact",
    "Classical-MJ",
    "No-Quantum",
    "Random"
  ],
  "QICESS-VQE": {
    "top10_mean_tm": {
      "mean": 0.390589227241463,
      "std": 0.30799850431748604,
      "n": 14
    },
    "spearman_rho": {
      "mean": -0.2747722788034383,
      "std": 0.4134320047359198
    },
    "ndcg_10": {
      "mean": 0.8835016367741492,
      "std": 0.11813061238976538
    }
  },
  "QICESS-Exact": {
    "top10_mean_tm": {
      "mean": 0.388271802202533,
      "std": 0.30522602854279174,
      "n": 14
    },
    "spearman_rho": {
      "mean": -0.2870628944389062,
      "std": 0.39286599175269754
    },
    "ndcg_10": {
      "mean": 0.8833489836220975,
      "std": 0.11483081142129646
    }
  },
  "Classical-MJ": {
    "top10_mean_tm": {
      "mean": 0.33780278973208894,
      "std": 0.2381112779743259,
      "n": 14
    },
    "spearman_rho": {
      "mean": -0.0692918211206891,
      "std": 0.21568219444103978
    },
    "ndcg_10": {
      "mean": 0.8219440503332303,
      "std": 0.13209007217241378
    }
  },
  "No-Quantum": {
    "top10_mean_tm": {
      "mean": 0.33194083921584205,
      "std": 0.2338904053129014,
      "n": 14
    },
    "spearman_rho": {
      "mean": 0.0018644676375693787,
      "std": 0.1970359487979392
    },
    "ndcg_10": {
      "mean": 0.8083221448915773,
      "std": 0.1452087292322551
    }
  },
  "Random": {
    "top10_mean_tm": {
      "mean": 0.3941362051217777,
      "std": 0.31280795362898206,
      "n": 14
    },
    "spearman_rho": {
      "mean": -0.04408565163683692,
      "std": 0.1458479365988942
    },
    "ndcg_10": {
      "mean": 0.8925562110477445,
      "std": 0.11081821127107216
    }
  },
  "paired_tests": {
    "VQE_vs_QICESS-Exact": {
      "mean_diff": 0.002317425038929884,
      "median_diff": 0.0,
      "wilcoxon_p": 0.47967681702008175,
      "significant": "False",
      "vqe_wins": 3,
      "ties": 8,
      "other_wins": 3,
      "effect_size": 0.3437822249774832
    },
    "VQE_vs_Classical-MJ": {
      "mean_diff": 0.05278643750937403,
      "median_diff": 0.007427986267036016,
      "wilcoxon_p": 0.0594482421875,
      "significant": "False",
      "vqe_wins": 9,
      "ties": 1,
      "other_wins": 4,
      "effect_size": 0.4307643355729412
    },
    "VQE_vs_No-Quantum": {
      "mean_diff": 0.05864838802562084,
      "median_diff": 0.005676053085909835,
      "wilcoxon_p": 0.057925748762965044,
      "significant": "False",
      "vqe_wins": 8,
      "ties": 2,
      "other_wins": 4,
      "effect_size": 0.4456756835106312
    },
    "VQE_vs_Random": {
      "mean_diff": -0.003546977880314802,
      "median_diff": 0.00011433629792179795,
      "wilcoxon_p": 0.25079345703125,
      "significant": "False",
      "vqe_wins": 6,
      "ties": 4,
      "other_wins": 4,
      "effect_size": -0.06598558638183344
    }
  },
  "vqe_vs_exact": {
    "n_proteins": 14,
    "n_identical": 0,
    "match_rate": 0.0,
    "mean_hamming": 5.071428571428571,
    "mean_speedup_factor": 2.1396333089051187,
    "note": "Exact diag is 2x faster than VQE on average"
  }
}